<?xml version="1.0" encoding="UTF-8"?>
<npc name="Tomb Raider Lars" script=".tomb.lua" walkinterval="0" floorchange="0" speed="0">
<health now="150" max="150"/>
<look type="172" head="46" body="156" legs="32" feet="78"/>
<parameters>
<parameter key="message_greet" value="Hello |PLAYERNAME|, are you interested in a {tomb raid}?"/>
<parameter key="message_farewell" value="Good bye!"/>
<parameter key="message_idletimeout" value="Good bye!"/>
<parameter key="message_walkaway" value="Good bye!"/>
</parameters>
</npc>