<?xml version="1.0" encoding="UTF-8"?>
<npc name="Fetch" script="default.lua" walkinterval="350000" floorchange="0" speed="0">
<health now="150" max="150"/>
<look type="606" head="114" body="29" legs="0" feet="46"/>
<parameters>
<parameter key="message_greet" value="Hey, come on! How about a hamburger? Not? Ah there's nothing wrong with that. Also, I do not mean to Farfetch'd to steal your money! Just come and spend it!!"/>
<parameter key="message_farewell" value="Good bye!"/>
<parameter key="message_idletimeout" value="Good bye!"/>
<parameter key="message_walkaway" value="Good bye!"/>
<parameter key="module_shop" value="1"/>
<parameter key="shop_buyable" value="Pizza,12222,500;Coconut,2678,200;vanilla churry,12221,250;cheeseburguer,12218,300;brownie,12217,400;cup of lemonade,12216,350;french fries,12214,550;hot dog,12215,460;"/>
</parameters>
</npc>