<?xml version="1.0" encoding="UTF-8"?>
<npc name="Henrique Helder" script="default.lua" walkinterval="0" floorchange="0" speed="0">
<health now="150" max="150"/>
<look type="1419" head="10" body="15" legs="20" feet="25"/>
<parameters>
<parameter key="message_greet" value="Olá Meu amigo! Vendo Helds Itens Tier 1 por 150k e Tier 2 por 220k{trade}!"/>
<parameter key="message_farewell" value="Até Já!"/>
<parameter key="message_idletimeout" value="Volte Sempre!"/>
<parameter key="message_walkaway" value="Tabom Tchau!"/>
<parameter key="module_shop" value="1"/>
<parameter key="shop_buyable" value= "X-Boost T1,13990,15000000;
X-Boost T2,13991,22000000;
X-Defense T1,13976,15000000;
X-Defense T2,13977,22000000;
Y-Cure T1,13983,15000000;
Y-Cure T2,13984,22000000;
X-Return T1,13969,15000000;
X-Return T2,13970,22000000;
X-Attack T1,13948,15000000;
X-Attack T2,13949,22000000;
Y-Regeneration T1,13941,15000000;
Y-Regeneration T2,13942,22000000;"/>
<parameter key="shop_sellable" value= "metal coat,12232,2500000;
ancient stone,12244,5000000;
earth stone,11451,800000;
water stone,11442,800000;
leaf stone,11441,800000;
heart stone,11453,800000;
thunder stone,11444,800000;
coccon stone,11448,800000;
rock stone,11445,800000;
crystal stone,11449,800000;
darkness stone,11450,800000;
enigma stone,11452,800000;
fire stone,11447,800000;
venom stone,11443,800000;
ice stone,11454,800000;
punch stone,11446,800000;"/>
</parameters>
</npc>